,FFT,adalora,dora,lora,mrlora,olora,rslora
mrpc,0.8570261437908497,0.7083333333333334,0.7132352941176471,0.7132352941176471,0.7181372549019608,0.7132352941176471,0.7107843137254902
qqp,0.9100420479841702,0.850531783329211,0.860128617363344,0.8606232995300519,0.8754142963146179,0.8610932475884244,0.8637150630719762
stsb,0.8821406655140976,0.5541208514078366,0.8214715336018122,0.8206657645790169,0.8332290341006741,0.6883094415375638,0.826031456812455
qnli,0.9067057172493747,0.842394288852279,0.8610653487095002,0.8596009518579535,0.8691195313930075,0.8660076880834706,0.8802855573860516
rte,0.6209386281588448,0.592057761732852,0.6101083032490975,0.6101083032490975,0.5703971119133574,0.592057761732852,0.6173285198555957
wnli,0.48356807511737093,0.5352112676056338,0.5211267605633803,0.5211267605633803,0.5633802816901409,0.5211267605633803,0.5211267605633803
mnli_m,0.8328069281711666,0.7550687722873153,0.7778909831889964,0.7757514009169638,0.7966377992868059,0.7701477330616403,0.7825776872134488
mnli_mm,0.8360455655004069,0.7651545972335232,0.7876322213181448,0.7886493083807974,0.8025834011391375,0.7855980471928397,0.7874288039056143
Average,0.7911592214357852,0.700359081972748,0.7440823827639903,0.7437201353993635,0.7536123388424627,0.7246969967347272,0.7486597703167515
