,FFT,adalora,dora,lora,mrlora,olora,rslora
mrpc,0.8888888888888888,0.678921568627451,0.7132352941176471,0.7132352941176471,0.7328431372549019,0.7083333333333334,0.7132352941176471
qqp,0.9061093247588424,0.8479841701706653,0.8632451150136038,0.8625278258718774,0.8790502102399208,0.8635666584219639,0.8679198614889934
stsb,0.9018178746771047,0.2843007682016843,0.8279744416702421,0.8275107971336504,0.8462931238382725,0.828909567551957,0.8417113176020995
qnli,0.9253157605711149,0.8592348526450668,0.8777228628958448,0.8775398132894014,0.8865092440051254,0.8791872597473915,0.8833974006955885
rte,0.6762936221419976,0.5270758122743683,0.5487364620938628,0.5487364620938628,0.5487364620938628,0.5523465703971119,0.5451263537906137
wnli,0.511737089201878,0.4225352112676056,0.4084507042253521,0.4084507042253521,0.30985915492957744,0.4507042253521127,0.5633802816901409
mnli_m,0.8726439123790118,0.7789098318899643,0.7972491085073866,0.7954151808456444,0.8190524707080998,0.7929699439633214,0.8039735099337748
mnli_mm,0.8706943314347707,0.7880390561432059,0.8045158665581774,0.8052278275020341,0.8241456468673718,0.8039056143205858,0.8104149715215623
Average,0.8191876005067011,0.6483751589025014,0.7301412318852646,0.7298304881349337,0.7308111812421415,0.7349903966359721,0.7536448738550525
