Method,Parameter Reduction,Memory Reduction,Inference Speedup,Teacher Param,Student Param,Teacher Mem,Student Mem,Teacher Speed,Student Speed
LoRA,99.6%/99.5%,74.3%/82.1%,3.7×/4.0×,99.58786410076007,99.53457366979214,74.25674593726178,82.08328927741148,3.730339910420653,4.006836060275767
MR‑LoRA,99.4%/99.4%,74.0%/82.0%,3.3×/4.0×,99.3673805674551,99.42433190313966,74.0417573934726,81.96100531281998,3.329246923622675,3.9905378933921276
AdaLoRA,99.5%,74.2%,3.5×,99.50775200399268,,74.18438710599891,,3.4609883056326702,
DoRA,99.6%,74.3%,2.9×,99.57399173802789,,74.25211474189297,,2.9299956215008267,
OLoRA,99.6%,74.2%,4.0×,99.58786410076007,,74.23429791803308,,4.004475533411235,
RS‑LoRA,99.6%,74.3%,4.5×,99.58786410076007,,74.26071326187495,,4.510542847718478,
MR‑LoRA‑RS,99.4%,74.0%,2.4×,99.3673805674551,,74.03203547457196,,2.3776499471535932,
