,FFT,adalora,dora,lora,mrlora,olora,rslora
mrpc,0.8921568627450981,0.6838235294117647,0.6838235294117647,0.6838235294117647,0.6838235294117647,0.6838235294117647,0.6838235294117647
qqp,0.922277186907412,0.8722977986643582,0.8785802621815484,0.8800148404650012,0.8980707395498392,0.8858026218154835,0.879940638139995
stsb,0.9035594680738638,0.8181875304632904,0.7809808466085383,0.8491880766438389,0.8632664453069752,0.8504586145918854,0.7911979532747727
qnli,0.93709195191897,0.8822991030569284,0.9077429983525536,0.9068277503203368,0.9112209408749771,0.9013362621270364,0.9137836353651839
rte,0.7978339350180504,0.5270758122743683,0.5270758122743683,0.5270758122743683,0.5270758122743683,0.5270758122743683,0.5270758122743683
wnli,0.5539906103286385,0.5633802816901409,0.5633802816901409,0.5633802816901409,0.5633802816901409,0.5633802816901409,0.5633802816901409
mnli_m,0.8932246561385634,,,0.8556291390728477,,,
mnli_mm,0.8958163818822892,,,0.855166802278275,,,
Average,0.8494938816266107,0.7245106759268084,0.723597288419819,0.7651382790195718,0.7411396248513441,0.7353128536517798,0.7265336416927042
